STATUS_ID,STATUS_NAME,END_STATUS,ACCOUNT_NUMBER
1,Document Received,No,10001
2,Document Received,No,10002
3,Document Received,Yes,10003
4,Document Received,Yes,10004
5,Document Received,No,10005
6,Document Received,No,10006
7,Document Received,No,10007
8,Document Received,No,10008
9,Document Received,No,10009
10,Document Received,Yes,10010
11,Document Received,Yes,10011
12,Document Received,Yes,10012
13,Document Received,Yes,10013
14,Document Received,No,10014
15,Document Received,Yes,10015
16,Document Received,No,10016
17,Document Received,No,10017
18,Document Received,No,10018
19,Document Received,No,10019
20,Document Received,No,10020
21,Document Received,Yes,10021
22,Document Received,Yes,10022
23,Document Received,No,10023
24,Document Received,Yes,10024
25,Document Received,Yes,10025
26,Document Received,Yes,10026
27,Document Received,No,10027
28,Document Received,No,10028
29,Document Received,Yes,10029
30,Document Received,No,10030
31,Document Received,Yes,10031
32,Document Received,Yes,10032
33,Document Received,Yes,10033
34,Document Received,Yes,10034
35,Document Received,Yes,10035
36,Document Received,No,10036
37,Document Received,Yes,10037
38,Document Received,Yes,10038
39,Document Received,No,10039
40,Document Received,Yes,10040
41,Document Received,No,10041
42,Document Received,No,10042
43,Document Received,No,10043
44,Document Received,Yes,10044
45,Document Received,Yes,10045
46,Document Received,Yes,10046
47,Document Received,No,10047
48,Document Received,Yes,10048
49,Document Received,No,10049
50,Document Received,Yes,10050
51,Document Received,Yes,10051
52,Document Received,No,10052
53,Document Received,Yes,10053
54,Document Received,No,10054
55,Document Received,No,10055
56,Document Received,No,10056
57,Document Received,Yes,10057
58,Document Received,No,10058
59,Document Received,Yes,10059
60,Document Received,Yes,10060
61,Document Received,No,10061
62,Document Received,Yes,10062
63,Document Received,No,10063
64,Document Received,No,10064
65,Document Received,Yes,10065
66,Document Received,No,10066
67,Document Received,No,10067
68,Document Received,Yes,10068
69,Document Received,Yes,10069
70,Document Received,No,10070
71,Document Received,Yes,10071
72,Document Received,Yes,10072
73,Document Received,No,10073
74,Document Received,Yes,10074
75,Document Received,No,10075
76,Document Received,No,10076
77,Document Received,No,10077
78,Document Received,Yes,10078
79,Document Received,Yes,10079
80,Document Received,Yes,10080
81,Document Received,No,10081
82,Document Received,Yes,10082
83,Document Received,Yes,10083
84,Document Received,Yes,10084
85,Document Received,No,10085
86,Document Received,Yes,10086
87,Document Received,No,10087
88,Document Received,No,10088
89,Document Received,Yes,10089
90,Document Received,Yes,10090
91,Document Received,Yes,10091
92,Document Received,No,10092
93,Document Received,Yes,10093
94,Document Received,Yes,10094
95,Document Received,No,10095
96,Document Received,Yes,10096
97,Document Received,No,10097
98,Document Received,Yes,10098
99,Document Received,No,10099
100,Document Received,No,10100
101,Document Received,Yes,10101
102,Document Received,No,10102
103,Document Received,No,10103
104,Document Received,Yes,10104
105,Document Received,No,10105
106,Document Received,Yes,10106
107,Document Received,No,10107
108,Document Received,Yes,10108
109,Document Received,Yes,10109
110,Document Received,Yes,10110
111,Document Received,No,10111
112,Document Received,Yes,10112
113,Document Received,No,10113
114,Document Received,Yes,10114
115,Document Received,No,10115
116,Document Received,Yes,10116
117,Document Received,Yes,10117
118,Document Received,Yes,10118
119,Document Received,No,10119
120,Document Received,Yes,10120
121,Document Received,Yes,10121
122,Document Received,Yes,10122
123,Document Received,No,10123
124,Document Received,Yes,10124
125,Document Received,Yes,10125
126,Document Received,Yes,10126
127,Document Received,No,10127
128,Document Received,No,10128
129,Document Received,Yes,10129
130,Document Received,Yes,10130
131,Document Received,Yes,10131
132,Document Received,No,10132
133,Document Received,Yes,10133
134,Document Received,No,10134
135,Document Received,Yes,10135
136,Document Received,No,10136
137,Document Received,No,10137
138,Document Received,Yes,10138
139,Document Received,No,10139
140,Document Received,No,10140
141,Document Received,No,10141
142,Document Received,Yes,10142
143,Document Received,Yes,10143
144,Document Received,No,10144
145,Document Received,No,10145
146,Document Received,No,10146
147,Document Received,No,10147
148,Document Received,No,10148
149,Document Received,No,10149
150,Document Received,No,10150
151,Document Received,Yes,10151
152,Document Received,Yes,10152
153,Document Received,Yes,10153
154,Document Received,No,10154
155,Document Received,Yes,10155
156,Document Received,No,10156
157,Document Received,Yes,10157
158,Document Received,No,10158
159,Document Received,Yes,10159
160,Document Received,No,10160
161,Document Received,No,10161
162,Document Received,Yes,10162
163,Document Received,No,10163
164,Document Received,No,10164
165,Document Received,No,10165
166,Document Received,No,10166
167,Document Received,No,10167
168,Document Received,No,10168
169,Document Received,Yes,10169
170,Document Received,No,10170
171,Document Received,No,10171
172,Document Received,No,10172
173,Document Received,No,10173
174,Document Received,Yes,10174
175,Document Received,No,10175
176,Document Received,Yes,10176
177,Document Received,Yes,10177
178,Document Received,Yes,10178
179,Document Received,No,10179
180,Document Received,No,10180
181,Document Received,No,10181
182,Document Received,No,10182
183,Document Received,Yes,10183
184,Document Received,Yes,10184
185,Document Received,No,10185
186,Document Received,No,10186
187,Document Received,Yes,10187
188,Document Received,No,10188
189,Document Received,Yes,10189
190,Document Received,Yes,10190
191,Document Received,Yes,10191
192,Document Received,No,10192
193,Document Received,No,10193
194,Document Received,No,10194
195,Document Received,No,10195
196,Document Received,No,10196
197,Document Received,No,10197
198,Document Received,Yes,10198
199,Document Received,Yes,10199
200,Document Received,No,10200
201,Document Received,Yes,10201
202,Document Received,No,10202
203,Document Received,No,10203
204,Document Received,Yes,10204
205,Document Received,Yes,10205
206,Document Received,No,10206
207,Document Received,No,10207
208,Document Received,Yes,10208
209,Document Received,No,10209
210,Document Received,Yes,10210
211,Document Received,No,10211
212,Document Received,Yes,10212
213,Document Received,No,10213
214,Document Received,Yes,10214
215,Document Received,No,10215
216,Document Received,Yes,10216
217,Document Received,No,10217
218,Document Received,Yes,10218
219,Document Received,No,10219
220,Document Received,No,10220
221,Document Received,Yes,10221
222,Document Received,No,10222
223,Document Received,Yes,10223
224,Document Received,No,10224
225,Document Received,Yes,10225
226,Document Received,Yes,10226
227,Document Received,No,10227
228,Document Received,Yes,10228
229,Document Received,Yes,10229
230,Document Received,Yes,10230
231,Document Received,No,10231
232,Document Received,No,10232
233,Document Received,Yes,10233
234,Document Received,Yes,10234
235,Document Received,No,10235
236,Document Received,No,10236
237,Document Received,No,10237
238,Document Received,Yes,10238
239,Document Received,Yes,10239
240,Document Received,No,10240
241,Document Received,Yes,10241
242,Document Received,No,10242
243,Document Received,Yes,10243
244,Document Received,Yes,10244
245,Document Received,Yes,10245
246,Document Received,Yes,10246
247,Document Received,No,10247
248,Document Received,Yes,10248
249,Document Received,No,10249
250,Document Received,No,10250
251,Document Received,Yes,10251
252,Document Received,No,10252
253,Document Received,No,10253
254,Document Received,No,10254
255,Document Received,Yes,10255
256,Document Received,Yes,10256
257,Document Received,No,10257
258,Document Received,Yes,10258
259,Document Received,Yes,10259
260,Document Received,Yes,10260
261,Document Received,Yes,10261
262,Document Received,Yes,10262
263,Document Received,Yes,10263
264,Document Received,Yes,10264
265,Document Received,No,10265
266,Document Received,Yes,10266
267,Document Received,Yes,10267
268,Document Received,No,10268
269,Document Received,Yes,10269
270,Document Received,No,10270
271,Document Received,No,10271
272,Document Received,Yes,10272
273,Document Received,No,10273
274,Document Received,No,10274
275,Document Received,Yes,10275
276,Document Received,No,10276
277,Document Received,No,10277
278,Document Received,Yes,10278
279,Document Received,Yes,10279
280,Document Received,Yes,10280
281,Document Received,No,10281
282,Document Received,Yes,10282
283,Document Received,No,10283
284,Document Received,Yes,10284
285,Document Received,No,10285
286,Document Received,Yes,10286
287,Document Received,Yes,10287
288,Document Received,No,10288
289,Document Received,No,10289
290,Document Received,Yes,10290
291,Document Received,Yes,10291
292,Document Received,No,10292
293,Document Received,No,10293
294,Document Received,No,10294
295,Document Received,Yes,10295
296,Document Received,No,10296
297,Document Received,No,10297
298,Document Received,No,10298
299,Document Received,No,10299
300,Document Received,Yes,10300
301,Document Received,Yes,10301
302,Document Received,No,10302
303,Document Received,Yes,10303
304,Document Received,Yes,10304
305,Document Received,No,10305
306,Document Received,No,10306
307,Document Received,Yes,10307
308,Document Received,No,10308
309,Document Received,No,10309
310,Document Received,No,10310
311,Document Received,No,10311
312,Document Received,Yes,10312
313,Document Received,No,10313
314,Document Received,Yes,10314
315,Document Received,Yes,10315
316,Document Received,No,10316
317,Document Received,No,10317
318,Document Received,No,10318
319,Document Received,No,10319
320,Document Received,Yes,10320
321,Document Received,No,10321
322,Document Received,Yes,10322
323,Document Received,Yes,10323
324,Document Received,Yes,10324
325,Document Received,Yes,10325
326,Document Received,No,10326
327,Document Received,Yes,10327
328,Document Received,No,10328
329,Document Received,Yes,10329
330,Document Received,No,10330
331,Document Received,Yes,10331
332,Document Received,Yes,10332
333,Document Received,Yes,10333
334,Document Received,Yes,10334
335,Document Received,Yes,10335
336,Document Received,Yes,10336
337,Document Received,Yes,10337
338,Document Received,Yes,10338
339,Document Received,No,10339
340,Document Received,Yes,10340
341,Document Received,Yes,10341
342,Document Received,No,10342
343,Document Received,No,10343
344,Document Received,No,10344
345,Document Received,Yes,10345
346,Document Received,No,10346
347,Document Received,Yes,10347
348,Document Received,No,10348
349,Document Received,No,10349
350,Document Received,Yes,10350
351,Document Received,No,10351
352,Document Received,No,10352
353,Document Received,No,10353
354,Document Received,Yes,10354
355,Document Received,No,10355
356,Document Received,Yes,10356
357,Document Received,No,10357
358,Document Received,Yes,10358
359,Document Received,No,10359
360,Document Received,No,10360
361,Document Received,No,10361
362,Document Received,No,10362
363,Document Received,Yes,10363
364,Document Received,Yes,10364
365,Document Received,Yes,10365
366,Document Received,Yes,10366
367,Document Received,Yes,10367
368,Document Received,No,10368
369,Document Received,Yes,10369
370,Document Received,No,10370
371,Document Received,Yes,10371
372,Document Received,Yes,10372
373,Document Received,Yes,10373
374,Document Received,Yes,10374
375,Document Received,No,10375
376,Document Received,Yes,10376
377,Document Received,Yes,10377
378,Document Received,No,10378
379,Document Received,Yes,10379
380,Document Received,No,10380
381,Document Received,No,10381
382,Document Received,No,10382
383,Document Received,Yes,10383
384,Document Received,No,10384
385,Document Received,Yes,10385
386,Document Received,Yes,10386
387,Document Received,Yes,10387
388,Document Received,No,10388
389,Document Received,Yes,10389
390,Document Received,Yes,10390
391,Document Received,No,10391
392,Document Received,Yes,10392
393,Document Received,No,10393
394,Document Received,No,10394
395,Document Received,Yes,10395
396,Document Received,No,10396
397,Document Received,No,10397
398,Document Received,Yes,10398
399,Document Received,No,10399
400,Document Received,Yes,10400
401,Document Received,Yes,10401
402,Document Received,No,10402
403,Document Received,No,10403
404,Document Received,Yes,10404
405,Document Received,Yes,10405
406,Document Received,No,10406
407,Document Received,No,10407
408,Document Received,Yes,10408
409,Document Received,No,10409
410,Document Received,Yes,10410
411,Document Received,Yes,10411
412,Document Received,Yes,10412
413,Document Received,No,10413
414,Document Received,No,10414
415,Document Received,Yes,10415
416,Document Received,Yes,10416
417,Document Received,Yes,10417
418,Document Received,Yes,10418
419,Document Received,Yes,10419
420,Document Received,Yes,10420
421,Document Received,No,10421
422,Document Received,Yes,10422
423,Document Received,Yes,10423
424,Document Received,Yes,10424
425,Document Received,Yes,10425
426,Document Received,Yes,10426
427,Document Received,Yes,10427
428,Document Received,No,10428
429,Document Received,No,10429
430,Document Received,No,10430
431,Document Received,Yes,10431
432,Document Received,No,10432
433,Document Received,No,10433
434,Document Received,No,10434
435,Document Received,Yes,10435
436,Document Received,Yes,10436
437,Document Received,Yes,10437
438,Document Received,Yes,10438
439,Document Received,No,10439
440,Document Received,No,10440
441,Document Received,Yes,10441
442,Document Received,No,10442
443,Document Received,Yes,10443
444,Document Received,Yes,10444
445,Document Received,No,10445
446,Document Received,Yes,10446
447,Document Received,Yes,10447
448,Document Received,Yes,10448
449,Document Received,Yes,10449
450,Document Received,Yes,10450
451,Document Received,No,10451
452,Document Received,Yes,10452
453,Document Received,No,10453
454,Document Received,No,10454
455,Document Received,No,10455
456,Document Received,Yes,10456
457,Document Received,No,10457
458,Document Received,Yes,10458
459,Document Received,Yes,10459
460,Document Received,No,10460
461,Document Received,Yes,10461
462,Document Received,No,10462
463,Document Received,No,10463
464,Document Received,No,10464
465,Document Received,No,10465
466,Document Received,Yes,10466
467,Document Received,No,10467
468,Document Received,Yes,10468
469,Document Received,No,10469
470,Document Received,Yes,10470
471,Document Received,No,10471
472,Document Received,No,10472
473,Document Received,No,10473
474,Document Received,Yes,10474
475,Document Received,No,10475
476,Document Received,Yes,10476
477,Document Received,Yes,10477
478,Document Received,Yes,10478
479,Document Received,No,10479
480,Document Received,Yes,10480
481,Document Received,Yes,10481
482,Document Received,No,10482
483,Document Received,No,10483
484,Document Received,No,10484
485,Document Received,No,10485
486,Document Received,No,10486
487,Document Received,Yes,10487
488,Document Received,No,10488
489,Document Received,No,10489
490,Document Received,Yes,10490
491,Document Received,No,10491
492,Document Received,No,10492
493,Document Received,Yes,10493
494,Document Received,Yes,10494
495,Document Received,Yes,10495
496,Document Received,No,10496
497,Document Received,No,10497
498,Document Received,Yes,10498
499,Document Received,No,10499
500,Document Received,Yes,10500
